Date/Time,Address,Call Type,Description,Incident Number,Duration
12/30/2023 10:20,1100 BLK 19TH ST S,Domestic,DOMESTIC,2023-00033675,0:39:28
12/30/2023 3:41,2400 BLK 3RD AVE N,Domestic,DOMESTIC,2023-00033669,0:49:09
12/27/2023 16:26,2900 BLK 29TH AVENUE CIR S,Domestic,PHYS DOMESTIC,Multiple incidents,1:35:53
12/27/2023 15:58,1900 BLK 34TH AVE S,Domestic,DOMESTIC // 313,2023-00033469,2:32:40
12/27/2023 12:04,1900 BLK 34TH AVE S,Domestic,PHYS DOMESTIC,2023-00033452,0:33:47
12/26/2023 22:39,0 BLK 8TH ST S,Domestic,Domestic,Multiple incidents,1:44:54
12/24/2023 15:30,500 BLK 13TH ST N,Domestic,Domestic,2023-00033262,0:54:04
12/24/2023 14:51,2400 BLK 3RD AVE N,Domestic,DOMESTIC,2023-00033259,0:18:59
12/24/2023 1:13,2600 BLK 4TH AVE N,Domestic,DOMESTIC,Multiple incidents,4:42:03
12/23/2023 13:47,0 BLK KING ST,Domestic,DOMESTIC,2023-00033189,0:57:09
12/17/2023 21:12,1300 BLK 28TH AVE S,Domestic,DOMESTIC,2023-00032666,1:03:27
12/16/2023 23:43,1500 BLK 4TH AVE S,Domestic,Domestic,2023-00032620,0:57:46
12/13/2023 11:27,2700 BLK 8TH AVE N,Domestic,Domestic,2023-00032296,0:04:28
12/12/2023 12:35,1000 BLK 22ND AVE S,Domestic,VERBAL DOMESTIC,2023-00032181,0:23:18
12/11/2023 20:13,300 BLK 2ND AVE S,Domestic,DOMESTIC,2023-00032097,0:19:00
12/11/2023 11:51,3100 BLK 5TH ST S,Domestic,DOMESTIC/RESPS LEFT /1021,2023-00032054,0:26:18
12/10/2023 19:44,3100 BLK 5TH ST S,Domestic,Domestic,2023-00031981,0:09:28
12/9/2023 9:46,3000 BLK 22ND ST S,Domestic,DOMESTIC,Multiple incidents,0:59:48
12/6/2023 5:06,3200 BLK 9TH ST S,Domestic,PHYS DOMESTIC,Multiple incidents,0:53:29
12/5/2023 13:02,300 BLK 15TH ST N,Domestic,Domestic,2023-00031494,0:25:00
12/4/2023 23:13,700 BLK 1/2 12TH ST N,Domestic,POSS DOMESTIC,2023-00031447,1:29:31
12/4/2023 1:02,900 BLK 44TH AVE S,Domestic,DOMESTIC,2023-00031360,0:42:21
12/3/2023 17:49,900 BLK 18 1/2 ST S,Domestic,Domestic,2023-00031336,0:33:12
12/3/2023 2:37,3400 BLK VILLAGE GREEN DR S,Domestic,POSS DOMESTIC,Multiple incidents,1:14:14
12/2/2023 16:46,400 BLK 14TH ST N,Domestic,PHYSICAL DOMESTIC,2023-00031273,0:21:09
12/2/2023 11:27,1900 BLK 18TH AVE S,Domestic,DOMESTIC RPT/ ESSENTIA,2023-00031256,1:27:31
12/2/2023 1:38,2000 BLK 6TH AVE N,Domestic,Domestic,2023-00031237,0:31:02
12/1/2023 23:25,300 BLK 2ND AVE S,Domestic,DOMESTIC,2023-00031223,1:00:55
12/1/2023 14:29,6800 BLK 2ND ST N,Domestic,WELFARE CHECK ON F POSS 1050I/DOMESTIC,2023-00031177,0:28:40
11/26/2023 13:40,2800 BLK 4TH AVE N,Domestic,Domestic,Multiple incidents,1:20:02
11/26/2023 11:44,200 BLK 9TH ST S,Domestic,DOMESTIC,2023-00030725,0:33:50
11/25/2023 18:40,1000 BLK 1ST ST S,Domestic,VERBAL DOMESTIC,2023-00030669,0:26:19
11/24/2023 18:44,400 BLK 11TH ST N,Domestic,DOMESTIC,2023-00030584,0:29:24
11/24/2023 16:48,400 BLK 11TH ST N,Domestic,DOMESTIC,2023-00030572,0:25:59
11/22/2023 12:21,100 BLK 11TH ST S,Domestic,DOMESTIC / POSS SUICIDAL F,2023-00030403,0:47:29
11/22/2023 0:01,800 BLK 2ND AVE N,Domestic,DOMESTIC,2023-00030356,0:46:42
11/21/2023 22:21,3000 BLK 18TH ST S,Domestic,Domestic,2023-00030338,1:13:26
11/21/2023 12:43,600 BLK 9TH ST N,Domestic,Domestic,2023-00030284,0:30:41
11/21/2023 12:11,400 BLK 90TH AVE NW,Domestic,DOMESTIC,2023-00022378,1:13:19
11/21/2023 11:32,500 BLK 14TH ST N,Domestic,DELAYED DOMESTIC RPT \\ 1021,2023-00030280,0:37:27
11/19/2023 17:03,3400 BLK 10TH ST S,Domestic,Domestic,2023-00030114,0:29:04
11/19/2023 13:04,2700 BLK 8TH AVE N,Domestic,VERBAL DOMESTIC,2023-00030103,0:38:36
11/19/2023 5:54,800 BLK 41ST AVE S,Domestic,PHYS DOMESTIC,2023-00030080,2:14:20
11/19/2023 4:56,3400 BLK 28TH AVE S,Domestic,DOMESTIC,2023-00030079,1:29:31
11/18/2023 23:27,1200 BLK 6TH ST S,Domestic,Domestic,2023-00030051,1:18:02
11/18/2023 10:31,1400 BLK 20TH ST S,Domestic,DOMESTIC,2023-00030003,0:45:23
11/16/2023 14:41,2200 BLK 4TH AVE S,Domestic,DOMESTIC,2023-00029807,0:34:55
11/15/2023 5:08,800 BLK 24TH AVE S,Domestic,DOMESTIC,2023-00029677,0:46:40
11/13/2023 18:30,3000 BLK 18TH ST S,Domestic,DOMESTIC,2023-00029537,0:34:56
11/11/2023 23:03,900 BLK 18 1/2 ST S,Domestic,DOMESTIC,2023-00029412,0:28:16
11/11/2023 21:09,800 BLK 2ND AVE N,Domestic,DOMESTIC / SEPERATED,2023-00029403,0:26:16
11/11/2023 19:57,1300 BLK 3RD AVE N,Domestic,Domestic,2023-00029399,1:00:17
11/11/2023 19:35,1600 BLK 3RD AVE S,Domestic,DOMESTIC,Multiple incidents,0:58:56
11/11/2023 15:17,1300 BLK 28TH AVE S,Domestic,DOMESTIC,2023-00029375,0:41:06
11/9/2023 19:34,2900 BLK HEATHERWOOD CIR S,Domestic,PHY DOMESTIC,2023-00029242,0:33:34
11/9/2023 18:46,900 BLK BELSLY BLVD,Domestic,Domestic,2023-00029239,1:13:36
11/8/2023 16:39,1800 BLK BELSLY BLVD,Domestic,Domestic,2023-00029147,1:39:34
11/8/2023 9:18,1900 BLK 18TH AVE S,Domestic,"DOMESTIC, SEPARATED // POSSIBLE 1055",2023-00029100,0:34:27
11/7/2023 8:54,1200 BLK 34TH STREET CIR S,Domestic,DOMESTIC,2023-00028999,0:36:57
11/4/2023 13:22,1000 BLK 32ND AVE S,Domestic,Domestic,2023-00028739,0:24:55
11/2/2023 0:22,500 BLK 17TH ST S,Domestic,POSS PHYSICAL DOMESTIC / SUICIDAL M,2023-00028513,1:10:55
10/30/2023 22:44,900 BLK 23RD AVE S,Domestic,Domestic,2023-00028335,0:38:51
10/30/2023 16:53,2400 BLK 4TH AVE N,Domestic,Domestic,2023-00028306,0:31:03
10/30/2023 14:41,0 BLK RIVER OAKS PT,Domestic,DOMESTIC,2023-00028295,0:31:06
10/30/2023 12:59,300 BLK 11TH ST N,Domestic,DOMESTIC,2023-00028289,0:20:36
10/29/2023 4:27,3400 BLK 28TH AVE S,Domestic,Domestic,2023-00028197,0:32:14
10/28/2023 8:41,0 BLK KING ST,Domestic,DOMESTIC,2023-00028123,0:34:37
10/27/2023 23:21,2900 BLK 4TH AVE N,Domestic,Domestic,2023-00028103,0:46:30
10/26/2023 17:46,1500 BLK 1ST AVE N,Domestic,DOMESTIC,2023-00027967,0:13:21
10/25/2023 19:52,2900 BLK HEATHERWOOD CIR S,Domestic,PHYS DOMESTIC,2023-00027869,0:19:45
10/25/2023 17:22,1800 BLK 54TH AVE N,Domestic,DOMESTIC / 1055,Multiple incidents,3:11:52
10/24/2023 13:47,3300 BLK 3RD AVE N,Domestic,Domestic,2023-00027720,0:40:49
10/24/2023 6:08,600 BLK 36TH AVE S,Domestic,DOMESTIC,2023-00027686,1:14:25
10/23/2023 18:57,3300 BLK 20TH ST S,Domestic,DOMESTIC,2023-00027653,0:40:25
10/23/2023 10:10,2400 BLK 4TH AVE N,Domestic,PHYS DOMESTIC,2023-00027590,0:40:54
10/22/2023 19:53,2300 BLK 19TH ST S,Domestic,Domestic,2023-00027560,3:46:41
10/22/2023 15:03,900 BLK 18 1/2 ST S,Domestic,DOMESTIC,2023-00027541,0:52:35
10/21/2023 11:42,1600 BLK BELSLY BLVD,Domestic,Domestic,2023-00027458,0:56:40
10/20/2023 17:47,1200 BLK 18 1/2 ST N,Domestic,DOMESTIC,2023-00027397,0:56:21
10/19/2023 16:40,900 BLK 8TH ST S,Domestic,DOMESTIC,2023-00027273,0:23:17
10/16/2023 18:33,1000 BLK 18 1/2 ST S,Domestic,DOMESTIC,2023-00026986,1:13:51
10/15/2023 17:08,600 BLK 8TH ST S,Domestic,DOMESTIC,2023-00026876,0:26:27
10/15/2023 13:53,1700 BLK 1ST AVE N,Domestic,DOMESTIC,2023-00026865,0:59:58
10/15/2023 0:01,500 BLK 30TH AVE S,Domestic,Domestic,Multiple incidents,2:33:16
10/12/2023 17:37,500 BLK 30TH AVE S,Domestic,DOMESTIC,2023-00026659,1:25:25
10/9/2023 17:48,800 BLK 15TH ST N,Domestic,PHY DOMESTIC,2023-00026352,0:34:40
10/9/2023 13:09,9300 BLK 10TH ST NW,Domestic,DOMESTIC,2023-00019254,2:24:50
10/8/2023 8:34,900 BLK 11TH ST N,Domestic,DOMESTIC RPT / CLAY CO / 1021,2023-00019188,3:28:29
10/5/2023 22:14,3000 BLK COVENT GARDEN ST S,Domestic,Domestic,2023-00026014,1:04:02
10/5/2023 9:29,2300 BLK 4TH AVE S,Domestic,DOMESTIC RPT,2023-00025964,2:25:17
10/5/2023 2:26,900 BLK 10TH AVE S,Domestic,DOMESTIC,Multiple incidents,0:52:27
10/4/2023 19:13,900 BLK 10TH AVE S,Domestic,DOMESTIC,2023-00025920,0:28:05
10/2/2023 14:38,2500 BLK 31ST AVE S,Domestic,DOMESTIC,2023-00025683,0:20:56
10/1/2023 13:02,1000 BLK 32ND AVE S,Domestic,POSS DOMESTIC,2023-00025586,0:28:08
9/30/2023 18:15,1200 BLK 19TH ST N,Domestic,DOMESTIC,2023-00025528,0:22:47
9/30/2023 14:36,1900 BLK 18TH AVE S,Domestic,Domestic,2023-00025514,1:04:55
9/30/2023 2:51,1900 BLK 5TH AVE S,Domestic,DOMESTIC,2023-00025494,1:08:42
9/29/2023 19:06,8000 BLK 28TH ST S,Domestic,DOMESTIC,2023-00018600,1:30:59
9/29/2023 13:10,600 BLK 36TH AVE S,Domestic,DOMESTIC,2023-00025429,1:05:11
9/28/2023 13:36,1900 BLK 18TH AVE S,Domestic,DOMESTIC / SEPARATED,2023-00025311,1:05:55
9/28/2023 13:25,800 BLK 44TH AVE S,Domestic,DOMESTIC,2023-00025310,0:18:57
9/28/2023 7:49,3700 BLK 17TH ST S,Domestic,DOMESTIC?,2023-00025273,5:37:57
9/27/2023 21:45,3600 BLK 5TH ST S,Domestic,PHYSICAL DOMESTIC,2023-00025244,0:46:05
9/27/2023 10:23,1600 BLK BELSLY BLVD,Domestic,DOMESTIC,2023-00025179,0:52:40
9/25/2023 7:29,900 BLK 17TH ST S,Domestic,PHYS DOMESTIC,2023-00024961,0:48:36
9/24/2023 8:25,2500 BLK COUNTRY CLUB PKWY,Domestic,DOMESTIC,2023-00024891,0:26:18
9/24/2023 3:42,1100 BLK 18 1/2 ST N,Domestic,DOMESTIC,2023-00024882,2:00:55
9/23/2023 19:46,4400 BLK BLUE STEM WAY,Domestic,DOMESTIC,2023-00024852,0:35:00
9/22/2023 23:28,2900 BLK 17TH AVE S,Domestic,VERBAL DOMESTIC MOTHER/SON,2023-00024767,1:24:19
9/22/2023 21:29,1200 BLK 2ND ST S,Domestic,PHYS DOMESTIC,2023-00024758,1:41:19
9/22/2023 7:51,500 BLK QUEENS CT,Domestic,DOMESTIC,2023-00024662,0:44:29
9/18/2023 23:55,2900 BLK 4TH AVE N,Domestic,Domestic,2023-00024264,1:02:59
9/18/2023 10:37,300 BLK 14TH AVE S,Domestic,Domestic,2023-00024189,0:18:33
9/17/2023 21:18,1300 BLK BELSLY BLVD,Domestic,DOMESTIC,2023-00024149,1:06:01
9/16/2023 20:37,1200 BLK 34TH AVE S,Domestic,Domestic,2023-00024085,1:40:03
9/16/2023 16:38,2300 BLK 8TH ST S,Domestic,DOMESTIC // SEPARATED,2023-00024070,0:27:32
9/14/2023 4:03,500 BLK 32ND AVE S,Domestic,PHYSICAL DOMESTIC,Multiple incidents,2:30:50
9/13/2023 18:24,1100 BLK 27TH AVE S,Domestic,PHYS DOMESTIC,2023-00023777,1:19:03
9/13/2023 15:24,1900 BLK 28TH AVE S,Domestic,DOMESTIC,Multiple incidents,4:36:26
9/13/2023 15:23,2000 BLK 11TH ST S,Domestic,Domestic,,5:04:08
9/12/2023 16:19,1800 BLK 20TH ST S,Domestic,DOMESTIC,2023-00023644,0:42:36
9/11/2023 20:37,200 BLK 13TH ST S,Domestic,DOMESTIC,2023-00023550,1:18:52
9/10/2023 11:56,200 BLK 13TH ST S,Domestic,DOMESTIC,Multiple incidents,0:18:20
9/10/2023 11:53,100 BLK 11TH ST S,Domestic,DOMESTIC,2023-00023416,0:12:44
9/8/2023 23:12,1300 BLK 19 1/2 ST S,Domestic,SOUNDS OF DOMESTIC,2023-00023306,0:09:08
9/8/2023 20:48,3600 BLK 17TH ST S,Domestic,DOMESTIC REPORT,2023-00023294,2:00:39
9/5/2023 0:57,400 BLK DALE AVE,Domestic,Domestic,Multiple incidents,1:57:38
9/4/2023 14:50,200 BLK 13TH ST S,Domestic,1021 / DOMESTIC,2023-00022780,0:17:27
9/3/2023 23:36,1ST AVE N,Domestic,Domestic,2023-00022745,0:15:38
9/3/2023 22:56,800 BLK 2ND AVE N,Domestic,DOMESTIC,Multiple incidents,1:03:38
9/3/2023 12:52,1600 BLK 20TH ST S,Domestic,DOMESTIC,2023-00022693,0:27:05
9/1/2023 15:30,1300 BLK 3RD AVE N,Domestic,Domestic,2023-00022523,0:30:38
8/30/2023 16:02,400 BLK 10TH ST S,Domestic,DOMESTIC,2023-00022291,0:37:38
8/30/2023 0:18,500 BLK 17TH ST S,Domestic,DOMESTIC,2023-00022212,1:08:20
8/28/2023 22:43,900 BLK 18TH ST S,Domestic,PHY DOMESTIC,2023-00022083,0:54:38
8/26/2023 13:28,2900 BLK RIVERSHORE DR S,Domestic,POSS DOMESTIC,2023-00021814,0:25:56
8/26/2023 0:53,500 BLK 32ND AVE S,Domestic,DOMESTIC,2023-00021779,1:05:04
8/25/2023 5:14,2700 BLK 14TH ST S,Domestic,Domestic,2023-00021662,2:38:32
8/24/2023 20:36,1300 BLK 19 1/2 ST S,Domestic,Domestic,2023-00021626,0:02:35
8/24/2023 19:27,1300 BLK 19 1/2 ST S,Domestic,Domestic,2023-00021615,1:09:40
8/24/2023 18:08,2400 BLK 3RD AVE N,Domestic,Domestic,2023-00021609,0:56:33
8/23/2023 9:43,4500 BLK 18TH ST S,Domestic,DOMESTIC,2023-00021433,0:14:21
8/22/2023 17:19,35TH STREET CIR S,Domestic,DOMESTIC,2023-00021367,0:27:12
8/21/2023 21:42,800 BLK 2ND AVE N,Domestic,PHYSICAL DOMESTIC,Multiple incidents,1:34:35
8/21/2023 21:18,2000 BLK 56TH AVE N,Domestic,DOMESTIC,Multiple incidents,0:58:58
8/20/2023 15:26,3000 BLK 33RD ST S,Domestic,DOMESTIC/SEP,2023-00021158,0:29:51
8/19/2023 5:18,3200 BLK 9TH ST S,Domestic,Domestic,2023-00021051,0:20:55
8/18/2023 16:41,1400 BLK BELSLY BLVD,Domestic,DOMESTIC,2023-00020990,0:23:22
8/17/2023 14:06,400 BLK CENTER AVE,Domestic,Domestic,2023-00020872,0:44:41
8/14/2023 23:53,900 BLK 18 1/2 ST S,Domestic,DOMESTIC,2023-00020588,2:00:53
8/14/2023 16:24,3600 BLK 5TH ST S,Domestic,Domestic,2023-00020551,0:47:39
8/14/2023 9:16,-100 BLK,Domestic,Domestic,2023-00015318,0:16:27
8/13/2023 23:20,500 BLK 32ND AVE S,Domestic,VERBAL DOMESTIC,2023-00020494,0:25:52
8/13/2023 21:16,100 BLK 14TH ST N,Domestic,PHYS DOMESTIC,Multiple incidents,2:10:31
8/13/2023 13:10,1200 BLK 20TH ST S,Domestic,POSS DOMESTIC/WELFARE CHECK,2023-00020462,1:02:33
8/13/2023 11:45,200 BLK 13TH AVE S,Domestic,Domestic,2023-00020457,0:29:26
8/13/2023 3:53,1900 BLK 18TH AVE S,Domestic,Domestic,2023-00020441,0:56:04
8/12/2023 21:24,500 BLK 14TH ST N,Domestic,PHY DOMESTIC,Multiple incidents,0:37:24
8/12/2023 0:23,3600 BLK 8TH ST S,Domestic,DOMESTIC,Multiple incidents,0:22:33
8/11/2023 21:51,400 BLK 16TH ST N,Domestic,Domestic,2023-00020340,1:23:00
8/11/2023 7:22,2400 BLK 8TH ST S,Domestic,DOMESTIC,2023-00020258,0:15:34
8/10/2023 18:43,3000 BLK 22ND ST S,Domestic,DOMESTIC,2023-00020225,0:26:42
8/9/2023 11:28,1200 BLK 34TH AVE S,Domestic,DOMESTIC,2023-00020069,0:45:58
8/9/2023 3:42,600 BLK 36TH AVE S,Domestic,PHYSICAL DOMESTIC,2023-00020046,0:30:38
8/7/2023 21:43,3200 BLK 9TH ST S,Domestic,DOMESTIC,2023-00019930,0:46:35
8/7/2023 21:32,1300 BLK 19TH AVE S,Domestic,PHYS DOMESTIC,2023-00019929,0:45:40
8/7/2023 3:53,3200 BLK 27TH ST S,Domestic,DOMESTIC/DELAYED,2023-00019863,0:53:48
8/6/2023 1:16,3000 BLK 18TH ST S,Domestic,Domestic,2023-00019773,0:55:43
8/6/2023 0:33,200 BLK 16TH ST S,Domestic,POSS DOMESTIC,2023-00019770,0:30:15
8/5/2023 2:32,1100 BLK 19TH ST S,Domestic,DOMESTIC,2023-00019710,0:27:06
8/4/2023 12:45,1300 BLK 3RD AVE N,Domestic,DOMESTIC,2023-00019637,0:25:23
8/3/2023 14:19,700 BLK 1/2 12TH ST N,Domestic,Domestic,2023-00019535,1:17:18
8/3/2023 0:28,1900 BLK 18TH AVE S,Domestic,Domestic,2023-00019498,0:59:42
8/2/2023 0:43,1900 BLK 18TH AVE S,Domestic,Domestic,Multiple incidents,1:26:14
8/1/2023 18:07,500 BLK 32ND AVE S,Domestic,DOMESTIC,2023-00019346,1:04:55
7/31/2023 1:48,1200 BLK 32ND STREET CIR S,Domestic,Domestic,,5:02:24
7/29/2023 15:07,300 BLK 16TH AVE S,Domestic,Domestic,2023-00018978,0:30:23
7/29/2023 4:17,1200 BLK 34TH STREET CIR S,Domestic,PHYSICAL DOMESTIC,2023-00018951,1:45:06
7/28/2023 12:53,900 BLK 10TH AVE S,Domestic,Domestic,2023-00018855,0:40:43
7/26/2023 23:19,1000 BLK 20TH ST S,Domestic,PHYSICAL DOMESTIC,2023-00018705,0:34:30
7/26/2023 15:01,800 BLK 2ND AVE N,Domestic,DOMESTIC,2023-00018647,0:41:54
7/25/2023 16:34,1900 BLK 34TH AVE S,Domestic,DOMESTIC,2023-00018545,0:49:10
7/25/2023 16:34,1900 BLK 34TH AVE S,Domestic,Domestic,,5:02:58
7/24/2023 0:20,2800 BLK 20TH ST S,Domestic,DOMESTIC,2023-00018394,0:12:04
7/22/2023 22:25,2500 BLK BROOKDALE RD,Domestic,Domestic,Multiple incidents,2:03:29
7/22/2023 9:43,500 BLK 20TH ST N,Domestic,DOMESTIC*1021 FIRST*,2023-00018260,0:51:50
7/22/2023 7:44,900 BLK 24TH AVE S,Domestic,DOMESTIC,2023-00018254,1:52:02
7/22/2023 5:20,800 BLK 16TH ST N,Domestic,PHYSICAL DOMESTIC,2023-00018252,0:58:42
7/21/2023 21:43,1100 BLK BELSLY BLVD,Domestic,DOMESTIC,2023-00018221,1:11:26
7/21/2023 21:24,300 BLK 8TH ST S,Domestic,Domestic,2023-00018219,0:05:12
7/21/2023 17:57,2900 BLK 13TH AVE S,Domestic,DOMESTIC WITH KNIFE,2023-00018200,0:49:58
7/21/2023 17:27,2400 BLK 36TH ST S,Domestic,DOMESTIC,2023-00018196,1:06:58
7/21/2023 9:30,800 BLK 12TH ST N,Domestic,DOMESTIC REPORT/1021 ONLY,2023-00018144,5:46:30
7/21/2023 6:32,1800 BLK 20TH ST S,Domestic,PHYSICAL DOMESTIC,2023-00018127,1:03:48
7/21/2023 5:17,1900 BLK 18TH AVE S,Domestic,DOMESTIC,2023-00018125,1:03:56
7/20/2023 23:29,1300 BLK 34TH AVE S,Domestic,Domestic,2023-00018100,0:18:57
7/20/2023 19:59,800 BLK 17TH ST N,Domestic,SOUNDS OF DOMESTIC,2023-00018083,0:09:34
7/20/2023 19:24,600 BLK 18TH ST N,Domestic,DOMESTIC,2023-00018079,0:15:33
7/18/2023 17:59,2400 BLK 3RD AVE N,Domestic,Domestic,2023-00017867,0:18:04
7/17/2023 10:22,3500 BLK VILLAGE GREEN DR,Domestic,DOMESTIC,2023-00017733,1:04:38
7/15/2023 10:19,3000 BLK 18TH ST S,Domestic,DOMESTIC,2023-00017595,1:06:59
7/14/2023 1:48,1100 BLK 19TH ST S,Domestic,DOMESTIC,2023-00017472,0:32:54
7/13/2023 21:34,900 BLK 9TH AVE S,Domestic,VERBAL DOMESTIC,2023-00017449,0:12:47
7/13/2023 20:40,900 BLK 17TH ST S,Domestic,Domestic,2023-00017447,0:18:33
7/13/2023 14:40,400 BLK CENTER AVE,Domestic,DOMESTIC,2023-00017417,0:30:18
7/12/2023 9:45,1200 BLK 32ND STREET CIR S,Domestic,DOMESTIC,2023-00017287,1:05:34
7/10/2023 18:21,700 BLK 24TH AVE S,Domestic,VERBAL DOMESTIC,2023-00017149,0:10:27
7/9/2023 2:47,1200 BLK 17TH ST N,Domestic,Domestic,2023-00017020,2:01:06
7/7/2023 20:59,100 BLK 22ND AVE S,Domestic,POSS DOMESTIC,2023-00016926,0:13:25
7/5/2023 1:46,600 BLK 36TH AVE S,Domestic,DOMESTIC,2023-00016659,1:39:37
7/4/2023 1:36,1000 BLK 32ND AVE S,Domestic,Domestic,2023-00016530,1:09:18
7/3/2023 19:33,3000 BLK 18TH ST S,Domestic,DOMESTIC,2023-00016493,0:54:25
7/3/2023 13:53,1900 BLK 18TH AVE S,Domestic,DOMESTIC,2023-00016475,1:01:47
7/2/2023 20:33,1600 BLK BELSLY BLVD,Domestic,Domestic,2023-00016388,0:28:08
6/30/2023 19:49,34TH ST S,Domestic,Domestic,2023-00016175,0:47:00
6/30/2023 18:32,100 BLK 16TH ST S,Domestic,DOMESTIC,2023-00016168,0:34:17
6/29/2023 19:58,1300 BLK 10TH AVE S,Domestic,Domestic,2023-00016072,0:45:54
6/28/2023 21:27,1800 BLK BELSLY BLVD,Domestic,DOMESTIC,2023-00016000,0:18:11
6/28/2023 19:12,700 BLK 30TH AVE S,Domestic,DOMESTIC,2023-00015994,4:45:03
6/26/2023 22:36,2500 BLK 14TH ST S,Domestic,VERBAL DOMESTIC,2023-00015823,0:38:24
6/24/2023 14:15,900 BLK 18 1/2 ST S,Domestic,DOMESTIC,2023-00015625,0:14:37
6/24/2023 4:11,400 BLK 7TH ST S,Domestic,Domestic,2023-00015604,0:17:51
6/23/2023 16:58,1800 BLK BELSLY BLVD,Domestic,DOMESTIC,Multiple incidents,1:08:04
6/22/2023 17:15,1700 BLK 3RD AVE S,Domestic,Domestic,2023-00015475,1:09:49
6/22/2023 2:41,3300 BLK 3RD AVE N,Domestic,PHY DOMESTIC,2023-00015417,0:55:23
6/21/2023 22:05,1000 BLK 20TH ST S,Domestic,DOMESTIC,2023-00015402,0:31:49
6/21/2023 12:07,1700 BLK 3RD AVE S,Domestic,Domestic,Multiple incidents,1:59:57
6/21/2023 0:11,1800 BLK BELSLY BLVD,Domestic,PHY DOMESTIC,2023-00015300,0:27:01
6/20/2023 0:32,900 BLK 10TH AVE S,Domestic,Domestic,2023-00015187,0:35:54
6/19/2023 0:02,200 BLK 16TH ST S,Domestic,SOUNDS OF DOMESTIC,2023-00015104,0:39:48
6/18/2023 19:17,1100 BLK 18TH ST S,Domestic,DOMESTIC,Multiple incidents,1:05:53
6/18/2023 17:57,3000 BLK 18TH ST S,Domestic,Domestic,2023-00015072,0:48:56
6/18/2023 11:27,800 BLK 2ND AVE N,Domestic,DOMESTIC,2023-00015051,0:14:39
6/17/2023 0:26,2400 BLK 36TH ST S,Domestic,Domestic,2023-00014935,0:35:18
6/16/2023 23:45,1200 BLK BELSLY BLVD,Domestic,Domestic,2023-00014932,0:32:33
6/16/2023 22:26,800 BLK 37TH AVE S,Domestic,DOMESTIC,2023-00014928,0:17:08
6/16/2023 21:37,3500 BLK 8TH AVE S,Domestic,DOMESTIC,2023-00014924,0:28:29
6/16/2023 0:09,1100 BLK 19TH ST S,Domestic,Domestic,2023-00014831,0:31:52
6/15/2023 20:57,3000 BLK 18TH ST S,Domestic,Domestic,2023-00014818,0:17:51
6/12/2023 6:32,1000 BLK 10TH ST S,Domestic,Domestic,Multiple incidents,0:18:25
6/12/2023 5:43,1100 BLK 19TH ST S,Domestic,DOMESTIC,Multiple incidents,1:27:12
6/11/2023 21:01,3600 BLK 8TH ST S,Domestic,DOMESTIC,2023-00014404,0:50:23
6/9/2023 16:02,800 BLK 37TH AVE S,Domestic,DOMESTIC,2023-00014246,0:33:54
6/6/2023 22:34,3200 BLK 20TH ST S,Domestic,Domestic,2023-00014013,0:27:57
6/5/2023 23:34,MAIN AVE,Domestic,VERB DOMESTIC,2023-00013934,0:18:57
6/3/2023 23:49,500 BLK 30TH AVE S,Domestic,PHSYCIAL DOMESTIC,Multiple incidents,1:35:13
6/3/2023 14:44,700 BLK 11TH ST N,Domestic,DOMESTIC,2023-00013693,0:17:49
6/1/2023 14:35,1000 BLK 32ND AVE S,Domestic,Domestic,2023-00013481,0:35:09
5/31/2023 23:36,3000 BLK 18TH ST S,Domestic,Domestic,2023-00013423,0:32:36
5/31/2023 14:53,1300 BLK 19 1/2 ST S,Domestic,DOMESTIC,2023-00013370,0:46:54
5/30/2023 23:13,900 BLK 24TH AVE S,Domestic,DOMESTIC,2023-00013313,0:15:16
5/30/2023 15:18,300 BLK 5TH AVE S,Domestic,DOMESTIC,2023-00013278,0:32:50
5/30/2023 11:49,1700 BLK 3RD AVE S,Domestic,DOMESTIC,2023-00013257,0:39:21
5/27/2023 21:20,900 BLK 11TH ST N,Domestic,Domestic,2023-00013071,0:40:16
5/27/2023 2:25,1900 BLK 5TH AVE S,Domestic,Domestic,2023-00013011,0:25:40
5/26/2023 0:57,3000 BLK 20TH ST S,Domestic,DOMESTIC,2023-00012907,0:11:31
5/25/2023 20:02,1600 BLK 1ST AVE N,Domestic,DOMESTIC,Multiple incidents,0:55:48
5/25/2023 13:47,3700 BLK VILLAGE GREEN BLVD,Domestic,Domestic,2023-00012833,1:08:23
5/24/2023 18:45,400 BLK 11TH ST S,Domestic,DOMESTIC SEPARATED,2023-00012738,0:12:50
5/24/2023 11:23,400 BLK 11TH ST S,Domestic,DOMESTIC,2023-00012701,0:27:21
5/23/2023 12:46,1900 BLK 18TH AVE S,Domestic,DOMESTIC,2023-00012609,2:47:39
5/21/2023 11:15,2900 BLK 20TH ST S,Domestic,DOMESTIC,2023-00012442,0:26:50
5/20/2023 18:05,3000 BLK 18TH ST S,Domestic,DOMESTIC,2023-00012403,0:29:48
5/20/2023 14:55,2500 BLK 14TH ST S,Domestic,DOMESTIC - VERBAL,2023-00012388,0:33:20
5/17/2023 16:39,3300 BLK 14TH ST S,Domestic,DOMESTIC,2023-00012092,1:35:41
5/14/2023 23:24,1000 BLK 32ND AVE S,Domestic,DOMESTIC\\WELFARE CHECK,2023-00011799,0:48:35
5/14/2023 18:55,1900 BLK 33RD ST S,Domestic,Domestic,2023-00011772,0:28:43
5/14/2023 4:15,1600 BLK BELSLY BLVD,Domestic,Domestic,2023-00011728,0:18:50
5/14/2023 0:08,1300 BLK 12TH ST N,Domestic,DOMESTIC,2023-00011722,0:39:54
5/13/2023 23:40,2900 BLK 5TH ST S,Domestic,Domestic,2023-00011719,1:00:09
5/13/2023 15:46,3400 BLK 18TH ST S,Domestic,DOMESTIC WITH KNIFES,2023-00011692,0:43:57
5/13/2023 1:33,1200 BLK BELSLY BLVD,Domestic,Domestic,2023-00011669,0:27:00
5/11/2023 16:32,2400 BLK 4TH AVE N,Domestic,DOMESTIC/1055,2023-00011521,0:30:45
5/11/2023 12:17,3000 BLK HWY 10 E,Domestic,PHYSICAL DOMESTIC,Multiple incidents,0:44:51
5/10/2023 16:09,700 BLK 11TH ST N,Domestic,DOMESTIC,2023-00011379,0:13:33
5/9/2023 21:07,1100 BLK 18 1/2 ST N,Domestic,DOMESTIC,2023-00011269,0:36:23
5/9/2023 17:24,500 BLK 30TH AVE S,Domestic,Domestic,2023-00011243,0:24:12
5/8/2023 11:34,9TH ST S,Domestic,Domestic,2023-00011111,0:06:36
5/7/2023 20:52,1000 BLK 32ND AVE S,Domestic,PHYSICAL DOMESTIC,2023-00011055,0:07:28
5/4/2023 23:27,8000 BLK 40TH ST N,Domestic,DOMESTIC,Multiple incidents,1:25:46
5/3/2023 22:34,1200 BLK 34TH STREET CIR S,Domestic,PHYS DOMESTIC,2023-00010656,0:50:21
5/1/2023 13:02,3500 BLK VILLAGE GREEN DR,Domestic,Domestic,2023-00010416,0:38:36
5/1/2023 10:11,400 BLK 7TH ST S,Domestic,DOMESTIC,2023-00010400,0:20:25
4/30/2023 14:18,900 BLK 11TH ST N,Domestic,DOMESTIC/LOBBY,2023-00010347,1:37:58
4/30/2023 12:32,3500 BLK VILLAGE GREEN DR,Domestic,Domestic,2023-00010334,0:41:01
4/29/2023 21:06,800 BLK 2ND AVE N,Domestic,Domestic,2023-00010294,1:09:43
4/29/2023 18:25,100 BLK 21ST ST N,Domestic,DOMESTIC,2023-00010280,0:04:10
4/29/2023 7:37,600 BLK 10TH ST N,Domestic,1021 POSS DOMESTIC ABUSE REPORT,Multiple incidents,2:00:58
4/28/2023 19:41,600 BLK 9TH ST N,Domestic,DOMESTIC,2023-00010175,0:49:06
4/28/2023 18:10,7TH AVE N,Domestic,Domestic,2023-00010166,0:08:38
4/28/2023 11:13,3000 BLK 18TH ST S,Domestic,DOMESTIC,2023-00010126,0:18:47
4/27/2023 18:12,4000 BLK RIVERSHORE DR S,Domestic,DOMESTIC,2023-00010062,1:04:03
4/24/2023 22:13,1700 BLK 3RD AVE S,Domestic,VERBAL DOMESTIC,2023-00009730,0:28:13
4/24/2023 21:24,500 BLK 32ND AVE S,Domestic,DOMESTIC,2023-00009727,0:24:04
4/24/2023 19:07,900 BLK 10TH AVE S,Domestic,Domestic,2023-00009715,0:18:34
4/23/2023 19:31,400 BLK DUDREY CT,Domestic,DELAYED DOMESTIC,2023-00009617,0:32:39
4/21/2023 10:24,700 BLK 4TH AVE S,Domestic,DOMESTIC/VANDALISM/1021,2023-00009438,0:13:44
4/18/2023 10:38,2900 BLK 15TH AVE S,Domestic,DOMESTIC,,5:22:48
4/18/2023 10:00,2900 BLK 15TH AVE S,Domestic,DOMESTIC,Multiple incidents,1:51:12
4/17/2023 21:26,1600 BLK 4TH AVE N,Domestic,Domestic,2023-00009103,0:05:53
4/16/2023 10:12,400 BLK 7TH ST S,Domestic,DOMESTIC W/KNIFE,2023-00008960,0:38:43
4/15/2023 19:34,3500 BLK 18TH ST S,Domestic,DOMESTIC,2023-00008925,0:27:24
4/14/2023 2:50,400 BLK 7TH ST S,Domestic,VERBAL DOMESTIC,2023-00008766,0:15:19
4/12/2023 12:34,400 BLK SUNRISE CIR,Domestic,DOMESTIC,2023-00008608,0:42:22
4/11/2023 3:43,1600 BLK 6TH AVE S,Domestic,Domestic,Multiple incidents,1:10:26
4/9/2023 14:33,1000 BLK 18 1/2 ST S,Domestic,DOMESTIC ASSAULT REPORT/MHD PD,2023-00008330,2:04:56
4/9/2023 2:44,1100 BLK BELSLY BLVD,Domestic,Domestic,2023-00008297,0:29:49
4/9/2023 1:44,2100 BLK 18TH ST S,Domestic,1021 DOMESTIC,2023-00008292,1:06:43
4/8/2023 19:20,2300 BLK 8TH ST S,Domestic,Domestic,2023-00008260,0:31:40
4/8/2023 16:05,800 BLK 30TH AVE S,Domestic,DOMESTIC,2023-00008245,1:11:50
4/7/2023 12:36,600 BLK 36TH AVE S,Domestic,PHYS DOMESTIC,2023-00008124,0:37:20
4/7/2023 9:22,3200 BLK 9TH ST S,Domestic,DOMESTIC,2023-00008095,0:23:38
4/6/2023 19:47,3500 BLK VILLAGE GREEN DR,Domestic,Domestic,2023-00008043,0:15:56
4/6/2023 18:05,4400 BLK 18TH ST S,Domestic,DOMESTIC,2023-00008032,0:37:46
4/6/2023 5:34,2500 BLK 14TH ST S,Domestic,Domestic,2023-00007962,0:36:14
4/5/2023 20:44,4400 BLK 18TH ST S,Domestic,DOMESTIC,2023-00007950,0:41:58
4/5/2023 18:51,700 BLK 11TH ST N,Domestic,Domestic,2023-00007941,0:29:56
4/5/2023 16:37,3000 BLK 17TH ST S,Domestic,PHYSICAL DOMESTIC,Multiple incidents,1:03:50
4/4/2023 22:32,400 BLK CENTER AVE,Domestic,Domestic,2023-00007886,0:42:11
4/4/2023 17:42,800 BLK 44TH AVE S,Domestic,DOMESTIC/ASSAULT,Multiple incidents,0:47:53
4/2/2023 22:13,3500 BLK 18TH ST S,Domestic,DOMESTIC,2023-00007720,1:02:23
4/1/2023 14:35,1500 BLK 9TH AVE S,Domestic,Domestic,2023-00007622,2:50:36
4/1/2023 11:20,3000 BLK 18TH ST S,Domestic,PHYSICAL DOMESTIC,2023-00007607,0:20:04
4/1/2023 11:05,600 BLK 36TH AVE S,Domestic,PHYS DOMESTIC,2023-00007606,0:40:06
3/30/2023 14:54,200 BLK CAMBRIDGE AVE,Domestic,Domestic,,5:08:13
3/29/2023 14:08,700 BLK 4TH AVE S,Domestic,Domestic,2023-00007311,0:56:57
3/26/2023 16:27,900 BLK 18 1/2 ST S,Domestic,DOMESTIC,2023-00007017,0:29:37
3/26/2023 3:19,3000 BLK 17TH ST S,Domestic,DOMESTIC,2023-00006974,0:23:12
3/25/2023 21:30,1000 BLK 32ND AVE S,Domestic,DOMESTIC,2023-00006960,0:25:54
3/25/2023 0:09,10700 BLK 19TH ST S,Domestic,Domestic,2023-00005213,0:34:27
3/24/2023 23:13,1800 BLK 9TH AVE S,Domestic,SOUNDS OF DOMESTIC,2023-00006880,0:57:42
3/23/2023 9:32,800 BLK 37TH AVE S,Domestic,DOMESTIC,2023-00006703,0:33:59
3/23/2023 8:52,2900 BLK 5TH ST S,Domestic,DOMESTIC,2023-00006697,0:49:38
3/23/2023 1:56,2900 BLK 5TH ST S,Domestic,DOMESTIC,2023-00006682,0:41:03
3/21/2023 20:47,14TH AVE S,Domestic,PHYSICAL DOMESTIC,2023-00006564,0:26:23
3/21/2023 18:48,400 BLK 11TH ST S,Domestic,DOMESTIC,2023-00006554,0:16:18
3/19/2023 6:47,1600 BLK BELSLY BLVD,Domestic,DOMESTIC,2023-00006333,0:21:40
3/17/2023 16:29,1500 BLK 15TH ST S,Domestic,Domestic,2023-00006244,0:52:53
3/16/2023 14:39,4100 BLK 23RD AVE S,Domestic,DOMESTIC / SEPARATED NOW,2023-00006172,1:04:29
3/15/2023 11:59,0 BLK QUEEN ST,Domestic,DOMESTIC,2023-00006079,0:21:54
3/14/2023 21:28,1900 BLK 1ST AVE N,Domestic,DOMESTIC,2023-00006041,0:14:19
3/14/2023 11:53,1200 BLK 14TH ST N,Domestic,Domestic,2023-00006002,0:40:24
3/12/2023 19:48,1900 BLK 34TH AVE S,Domestic,PHYSICAL DOMESTIC,2023-00005838,0:57:02
3/11/2023 19:34,400 BLK 7TH ST S,Domestic,DOMESTIC,Multiple incidents,1:47:44
3/11/2023 9:27,1300 BLK 13TH ST S,Domestic,DOMESTIC,2023-00005730,0:53:47
3/9/2023 18:45,100 BLK 5TH ST S,Domestic,DOMESTIC,2023-00005606,0:53:16
3/9/2023 6:47,600 BLK 9TH ST N,Domestic,DOMESTIC/UNK IF PHYS,2023-00005541,0:39:53
3/8/2023 23:54,3000 BLK 18TH ST S,Domestic,DOMESTIC,2023-00005529,0:31:24
3/7/2023 21:29,1000 BLK 3RD AVE N,Domestic,Domestic,2023-00005433,1:06:41
3/7/2023 12:53,3400 BLK 18TH ST S,Domestic,Domestic,2023-00005403,0:54:10
3/6/2023 11:31,1900 BLK 4TH AVE N,Domestic,DOMESTIC,2023-00005297,0:48:16
3/5/2023 19:51,700 BLK 4TH AVE S,Domestic,DOMESTIC,2023-00005260,0:55:28
3/4/2023 17:30,1500 BLK BELSLY BLVD,Domestic,DOMESTIC,2023-00005149,0:14:14
3/4/2023 15:24,3000 BLK 17TH ST S,Domestic,DOMESTIC,2023-00005138,0:24:34
3/3/2023 13:04,500 BLK 17TH ST S,Domestic,DOMESTIC,2023-00005029,2:05:41
3/3/2023 1:50,400 BLK 7TH ST S,Domestic,DOMESTIC,2023-00004985,0:32:09
3/1/2023 13:14,1200 BLK 34TH STREET CIR S,Domestic,DOMESTIC,Multiple incidents,2:01:53
3/1/2023 12:07,1200 BLK 34TH STREET CIR S,Domestic,Domestic,2023-00004832,0:31:11
3/1/2023 10:33,1200 BLK 34TH STREET CIR S,Domestic,POSSIBLE PHYSICAL DOMESTIC,2023-00004826,0:54:50
2/26/2023 13:37,3300 BLK 17TH ST S,Domestic,Domestic,Multiple incidents,1:55:38
2/25/2023 19:32,900 BLK 23RD AVE S,Domestic,Domestic,2023-00004533,1:47:32
2/24/2023 21:38,900 BLK 24TH AVE S,Domestic,POSS PHYSICAL DOMESTIC,2023-00004484,0:39:05
2/24/2023 19:46,400 BLK 7TH ST S,Domestic,DOMESTIC,2023-00004474,0:23:13
2/24/2023 15:46,3400 BLK 18TH ST S,Domestic,DOMESTIC,2023-00004457,1:00:13
2/23/2023 20:40,400 BLK BIRCH CIR,Domestic,DOMESTIC,2023-00004381,0:38:39
2/23/2023 7:09,1900 BLK 4TH AVE N,Domestic,Domestic,2023-00004333,1:47:54
2/22/2023 23:42,1300 BLK 32ND STREET CIR S,Domestic,DOMESTIC,2023-00004322,1:00:38
2/22/2023 12:36,3000 BLK 18TH ST S,Domestic,DOMESTIC,2023-00004282,0:33:11
2/22/2023 9:39,3000 BLK 18TH ST S,Domestic,DOMESTIC?,2023-00004265,0:54:30
2/22/2023 0:40,1200 BLK 9TH ST N,Domestic,PHYSICAL DOMESTIC,Multiple incidents,1:14:38
2/21/2023 15:12,3600 BLK 12TH AVE S,Domestic,Domestic,2023-00004206,0:56:35
2/21/2023 14:24,1200 BLK 27TH AVE S,Domestic,DOMESTIC/M THREATENING BODILY HARM,2023-00004200,1:22:12
2/20/2023 20:35,900 BLK 18 1/2 ST S,Domestic,DOMESTIC,2023-00004141,2:11:41
2/20/2023 12:47,1900 BLK 5TH AVE S,Domestic,Domestic,2023-00004103,1:06:03
2/19/2023 23:29,4400 BLK BLUE STEM WAY,Domestic,DOMESTIC,2023-00004073,0:18:34
2/17/2023 14:40,7400 BLK OAKPORT ST N,Domestic,DOMESTIC,2023-00002957,1:13:18
2/16/2023 17:55,1200 BLK 2ND AVE S,Domestic,DOMESTIC?,2023-00003834,0:41:08
2/15/2023 19:23,6200 BLK 12TH ST N,Domestic,DOMESTIC,2023-00003761,0:51:28
2/15/2023 10:40,1200 BLK 34TH STREET CIR S,Domestic,PHYS DOMESTIC,2023-00003726,0:19:46
2/13/2023 18:06,0 BLK RIVER OAKS PT,Domestic,DOMESTIC,2023-00003616,0:43:13
2/13/2023 9:48,1800 BLK 1ST AVE N,Domestic,DOMESTIC,2023-00003567,0:28:04
2/11/2023 18:19,1000 BLK 3RD AVE N,Domestic,Domestic,Multiple incidents,1:08:23
2/10/2023 11:35,3400 BLK 10TH ST S,Domestic,Domestic,2023-00003356,0:41:42
2/10/2023 9:47,3000 BLK 20TH ST S,Domestic,ROLLING DOMESTIC,2023-00003345,1:10:07
2/7/2023 10:57,3700 BLK 13TH ST S,Domestic,DOMESTIC RPT,2023-00003055,1:18:29
2/6/2023 11:08,2800 BLK 27TH AVE S,Domestic,Domestic,2023-00002965,2:57:33
2/5/2023 19:40,1400 BLK 9TH ST N,Domestic,DOMESTIC,2023-00002934,4:05:43
2/3/2023 23:32,1900 BLK 32ND ST S,Domestic,PHY DOMESTIC,2023-00002840,1:03:19
2/2/2023 23:17,1200 BLK 46TH AVE S,Domestic,Domestic,2023-00002764,0:29:00
2/2/2023 22:15,1200 BLK 46TH AVE S,Domestic,Domestic,,6:18:15
1/30/2023 22:35,1800 BLK 41ST AVE S,Domestic,PHYSICAL DOMESTIC,,6:32:02
1/28/2023 14:40,3500 BLK 39TH ST S,Domestic,DOMESTIC/PHYS,2023-00002313,1:05:32
1/28/2023 2:36,1000 BLK 5TH ST S,Domestic,DOMESTIC,2023-00002287,0:58:38
1/27/2023 21:13,2300 BLK 4TH AVE S,Domestic,MOTHER/DAUGHTER DOMESTIC/1021,2023-00002269,0:39:29
1/26/2023 1:31,1900 BLK 20TH ST S,Domestic,DOMESTIC RPT / MHD,2023-00002098,1:48:59
1/25/2023 21:48,1200 BLK 15TH AVE N,Domestic,Domestic,Multiple incidents,0:49:31
1/22/2023 17:01,0 BLK MAYFAIR DR,Domestic,DOMESTIC,2023-00001797,1:05:41
1/22/2023 11:02,1300 BLK 3RD AVE N,Domestic,PHYS DOMESTIC,2023-00001779,1:48:14
1/21/2023 17:11,500 BLK MAIN AVE,Domestic,DOMESTIC,2023-00001733,0:12:32
1/21/2023 16:16,1300 BLK 19 1/2 ST S,Domestic,DOMESTIC,2023-00001729,0:16:09
1/21/2023 9:58,900 BLK 18 1/2 ST S,Domestic,DOMESTIC,2023-00001703,1:05:50
1/21/2023 0:58,500 BLK 32ND AVE S,Domestic,DOMESTIC,2023-00001688,0:43:27
1/20/2023 22:55,400 BLK SUNRISE CIR,Domestic,DOMESTIC,2023-00001683,0:40:04
1/20/2023 19:56,1600 BLK BELSLY BLVD,Domestic,DOMESTIC,2023-00001671,0:16:06
1/20/2023 19:48,2500 BLK COUNTRY CLUB PKWY,Domestic,Domestic,2023-00001670,1:45:24
1/20/2023 1:09,1900 BLK BELSLY BLVD,Domestic,Domestic,2023-00001610,0:25:58
1/19/2023 21:07,3600 BLK 39TH ST S,Domestic,VERBAL DOMESTIC,2023-00001597,0:20:48
1/18/2023 17:30,1600 BLK 20TH ST S,Domestic,Domestic,2023-00001487,0:20:13
1/17/2023 9:13,7TH AVE N,Domestic,Domestic,2023-00001348,0:16:38
1/16/2023 15:04,1600 BLK 6TH AVE S,Domestic,Domestic,2023-00001299,0:26:54
1/14/2023 5:14,1200 BLK 27TH AVE S,Domestic,WELFARE CHECK / POSS DOMESTIC,2023-00001144,0:27:27
1/14/2023 2:37,1300 BLK 19 1/2 ST S,Domestic,Domestic,2023-00001142,0:25:53
1/12/2023 17:22,2600 BLK 11TH ST S,Domestic,DOMESTIC \\1021,2023-00001012,0:45:08
1/12/2023 8:38,1700 BLK 13TH AVE N,Domestic,DOMESTIC / SEPARATED NOW,2023-00000954,0:38:27
1/10/2023 22:41,11TH ST N,Domestic,ABUSE/DOMESTIC,Multiple incidents,0:13:17
1/9/2023 19:19,3200 BLK 9TH ST S,Domestic,DOMESTIC/SEPERATED,2023-00000748,1:40:12
1/8/2023 23:07,1000 BLK 39TH ST S,Domestic,Domestic,2023-00000654,0:20:04
1/8/2023 19:26,900 BLK 17TH ST S,Domestic,DOMESTIC,2023-00000644,0:38:18
1/7/2023 15:24,2800 BLK 5TH ST S,Domestic,Domestic,2023-00000570,1:00:09
1/6/2023 23:56,3000 BLK 20TH ST S,Domestic,DOMESTIC,2023-00000524,0:56:33
1/5/2023 12:00,2600 BLK 4TH AVE N,Domestic,Domestic,2023-00000392,0:15:18
1/4/2023 12:25,700 BLK 4TH AVE S,Domestic,DOMESTIC REPORT/1021 ONLY,2023-00000302,0:49:13
1/3/2023 9:37,3000 BLK 17TH ST S,Domestic,DOMESTIC,2023-00000168,0:33:10
1/3/2023 0:43,100 BLK 16TH ST S,Domestic,DOMESTIC,2023-00000148,1:10:25
1/2/2023 16:22,1200 BLK 37TH AVE S,Domestic,DOMESTIC,2023-00000116,0:37:32
1/2/2023 13:23,500 BLK 1/2 30TH AVE S,Domestic,DOMESTIC,2023-00000103,1:01:54
1/1/2023 20:10,900 BLK 7TH AVE S,Domestic,DOMESTIC,2023-00000061,0:22:48
1/1/2023 9:52,1900 BLK 5TH AVE S,Domestic,DOMESTIC,2023-00000023,0:34:04
